31.07.2018,нлмк увеличить прибыль на 63 стоить ли покупать акци€ 
01.11.2018,путин оценить макроэкономический ситуаци€ в росси€ 
28.01.2015,металлоинвест увеличить выпуск руда на 1 в 2014 год 
21.02.2018,индекс рф подрастать на фон возобновление приток средство фонд на рынок 
27.10.2014,fitch сталелитейный компани€ рф от антидемпинговый пошлина сша не пострадать 
20.02.2018,рынок ждать протокол фрс и пересмотр рейтинг рф рубль уповать на экспортЄр 
13.07.2018,рубль чувствовать себ€ хороший другой сырьевой валюта перед встреча трамп и путин 
30.09.2016,рынок акци€ рф итог недел€ и перспектива 
26.01.2015,индекс рф колебатьс€ после падение с утро 
31.07.2018,рубль немного дешеветь после налоговый выплата 
28.08.2015,акци€ на который стоить обратить внимание в период волатильность цена на нефть Ц ubs 
27.05.2016,рынок акци€ рф итог недел€ 
13.02.2018,разворот который не быть 
22.02.2018,рубль и индекс рф малоподвижный внешний фон способствовать фиксаци€ прибыть 
25.10.2018,российский индекс вновь снижатьс€ 
19.06.2018,российский рынок проблема в металлург и офз 
10.08.2018,Ђсписок белоусоваї к новый дивиденд 
10.08.2018,спад рубль и рынок начать большой путь 
13.06.2017,рубль пока игнорировать снижение нефт€ной котировка 
05.08.2016,рынок акци€ рф итог недел€ и перспектива 
