20.11.2018,мосбиржа и шанхайский клиринговый палата создать расчетноклиринговый линк для расчёт рубль и юань 
16.11.2018,цбр и мосбиржа намерить изменить механизм торговля золото 
16.11.2018,мосбиржа зарегистрировать облигация рн банка объём 5 миллиард рубль 
16.11.2018,мосбиржа зарегистрировать облигация мсблизинг на 150 миллион рубль 
16.11.2018,мосбиржа зарегистрировать выпуск облигация грузовичкофцентр на 40 миллион рубль 
16.11.2018,мосбиржа зарегистрировать облигация газпромбанк на 10 миллиард рубль 
16.11.2018,мосбиржа зарегистрировать два выпуск облигация хк финанс на 2 миллиард рубль 
15.11.2018,мосбиржа зарегистрировать программа облигация объединениеагроэлит на 1 миллиард рубль 
15.11.2018,мосбиржа зарегистрировать два выпуск структурный облигация сбербанк на 15 миллиард рубль 
12.11.2018,мосбиржа зарегистрировать программа облигация брайт финанс на 15 миллиард рубль 
12.11.2018,мосбиржа зарегистрировать облигация транскомплектхолдинг на 5 миллиард рубль 
09.11.2018,мосбиржа зарегистрировать программа облигация куйбышевазот на 50 миллиард рубль 
09.11.2018,мосбиржа зарегистрировать структурный облигация сбербанк на 1 миллиард рубль 
09.11.2018,мосбиржа зарегистрировать облигация уралкалий серия пбо05р объём 10 миллиард рубль 
08.11.2018,мосбиржа зарегистрировать облигация еабра на 5 миллиард рубль 
07.11.2018,мосбиржа нарастить подушка безопасность готовиться к жёсткий сценарий санкция 
07.11.2018,мосбиржа приготовить подушка безопасность на случай санкция 
07.11.2018,мосбиржа отказ от промежуточный выплата не менять дивидендный политика 
07.11.2018,мосбиржа зарегистрировать программа облигация мфк городской сберегательный касса на 10 миллиард рубль 
06.11.2018,мосбиржа зарегистрировать программа облигация лк роделить на 1 миллиард рубль 
